7.0,0.0,0.0,0.0,0.0,0.0
-68.0,8.0,5.0,0.0,0.0,0.0
-23.0,-40.0,0.0,0.0,0.0,0.0
395.0,409.0,670.0,-17.0,5.0,-81.0
417.0,672.0,56.0,-4.0,-60.0,-81.0
72.0,128.0,35.0,-59.0,-60.0,-81.0
405.0,432.0,679.0,1013.0,-43.0,8.0
432.0,676.0,1578.0,-5.0,129.0,8.0
1.0,676.0,1951.0,0.0,190.0,8.0
381.0,407.0,669.0,2574.0,7.0,324.0
383.0,394.0,661.0,1641.0,110.0,339.0
7.0,364.0,648.0,1821.0,-53.0,191.0
376.0,652.0,-382.0,40.0,250.0,191.0
653.0,-156.0,-138.0,373.0,250.0,191.0
655.0,-410.0,-179.0,176.0,250.0,191.0
55.0,-110.0,-287.0,172.0,250.0,191.0
399.0,380.0,652.0,-146.0,-308.0,-70.0
398.0,387.0,653.0,60.0,-295.0,-109.0
396.0,389.0,653.0,-73.0,-176.0,-77.0
8.0,423.0,675.0,42.0,77.0,86.0
679.0,349.0,23.0,150.0,77.0,86.0
403.0,421.0,681.0,732.0,20.0,85.0
436.0,688.0,1990.0,-58.0,209.0,85.0
20.0,680.0,2081.0,-15.0,239.0,85.0
677.0,3129.0,-160.0,554.0,239.0,85.0
662.0,3597.0,-240.0,445.0,239.0,85.0
49.0,138.0,73.0,196.0,239.0,85.0
399.0,376.0,658.0,702.0,-609.0,547.0
99.0,358.0,638.0,-428.0,-414.0,249.0
6.0,363.0,654.0,223.0,-781.0,145.0
379.0,645.0,-358.0,-523.0,-55.0,145.0
85.0,653.0,188.0,-542.0,-61.0,145.0
641.0,-155.0,-129.0,-92.0,-61.0,145.0
652.0,69.0,-168.0,-80.0,-61.0,145.0
391.0,395.0,647.0,-89.0,52.0,-7.0
0.0,0.0,0.0,-89.0,52.0,-7.0
6.0,410.0,676.0,-26.0,-32.0,-22.0
20.0,675.0,217.0,76.0,44.0,-22.0
404.0,421.0,692.0,1092.0,-23.0,38.0
399.0,428.0,689.0,1188.0,-221.0,301.0
392.0,419.0,672.0,885.0,-604.0,490.0
1.0,406.0,673.0,1511.0,-1157.0,609.0
9.0,382.0,664.0,2643.0,-1004.0,341.0
9.0,380.0,649.0,2623.0,-609.0,66.0
350.0,657.0,1231.0,-615.0,-269.0,66.0
376.0,638.0,208.0,-40.0,-173.0,66.0
9.0,646.0,682.0,-146.0,-54.0,66.0
644.0,320.0,1.0,80.0,-54.0,66.0
387.0,372.0,647.0,337.0,-45.0,229.0
377.0,650.0,27.0,-18.0,69.0,229.0
650.0,-77.0,-99.0,14.0,69.0,229.0
53.0,0.0,0.0,0.0,0.0,0.0
19.0,674.0,-246.0,95.0,88.0,0.0
83.0,303.0,25.0,121.0,88.0,0.0
404.0,427.0,688.0,1386.0,16.0,216.0
3.0,423.0,696.0,2877.0,-233.0,308.0
432.0,674.0,3818.0,-508.0,853.0,308.0
379.0,668.0,1804.0,-385.0,638.0,308.0
96.0,667.0,1956.0,-518.0,702.0,308.0
3.0,647.0,939.0,-339.0,431.0,308.0
648.0,444.0,-517.0,-24.0,431.0,308.0
398.0,371.0,648.0,42.0,-576.0,-156.0
394.0,371.0,649.0,333.0,-527.0,-274.0
390.0,380.0,652.0,-232.0,-431.0,-106.0
390.0,386.0,645.0,-217.0,-50.0,50.0
1.0,384.0,654.0,75.0,-153.0,28.0
0.0,648.0,-47.0,13.0,2.0,28.0
675.0,-67.0,69.0,31.0,2.0,28.0
399.0,427.0,676.0,307.0,117.0,62.0
3.0,425.0,688.0,1062.0,56.0,115.0
28.0,688.0,1886.0,-99.0,280.0,115.0
677.0,2199.0,-295.0,505.0,280.0,115.0
670.0,2494.0,-689.0,404.0,280.0,115.0
55.0,3242.0,-644.0,358.0,280.0,115.0
387.0,376.0,656.0,1799.0,-636.0,213.0
385.0,348.0,647.0,-205.0,-335.0,-247.0
388.0,375.0,643.0,630.0,-520.0,-42.0
387.0,372.0,639.0,-513.0,-256.0,36.0
86.0,374.0,644.0,305.0,-230.0,136.0
380.0,647.0,-332.0,-48.0,156.0,136.0
78.0,647.0,197.0,-52.0,40.0,136.0
51.0,-298.0,3.0,-8.0,40.0,136.0
0.0,0.0,0.0,0.0,0.0,136.0
393.0,413.0,674.0,16.0,91.0,46.0
14.0,676.0,54.0,88.0,-14.0,46.0
395.0,415.0,677.0,186.0,97.0,21.0
98.0,420.0,683.0,388.0,-5.0,56.0
5.0,687.0,1317.0,-112.0,216.0,56.0
694.0,2185.0,-265.0,340.0,216.0,56.0
679.0,2935.0,-315.0,475.0,216.0,56.0
69.0,3601.0,-405.0,616.0,216.0,56.0
389.0,378.0,652.0,2420.0,-198.0,423.0
391.0,355.0,641.0,530.0,-85.0,116.0
393.0,369.0,656.0,806.0,-585.0,265.0
3.0,358.0,640.0,-308.0,-411.0,82.0
365.0,654.0,686.0,-676.0,-74.0,82.0
5.0,647.0,-434.0,-359.0,41.0,82.0
647.0,42.0,-259.0,-77.0,41.0,82.0
390.0,417.0,675.0,-143.0,63.0,98.0
89.0,420.0,677.0,-16.0,88.0,69.0
4.0,682.0,359.0,97.0,137.0,69.0
399.0,424.0,681.0,1255.0,147.0,173.0
396.0,432.0,692.0,2393.0,91.0,266.0
84.0,432.0,683.0,3057.0,-75.0,572.0
412.0,667.0,1606.0,89.0,716.0,572.0
3.0,664.0,2592.0,-186.0,794.0,572.0
664.0,1711.0,-430.0,619.0,794.0,572.0
637.0,-663.0,-4.0,78.0,794.0,572.0
399.0,351.0,654.0,784.0,-563.0,144.0
393.0,358.0,643.0,-421.0,-167.0,-111.0
391.0,377.0,650.0,578.0,-187.0,-53.0
1.0,391.0,650.0,-106.0,-19.0,28.0
79.0,647.0,65.0,-7.0,12.0,28.0
396.0,392.0,654.0,-188.0,-60.0,31.0
0.0,392.0,654.0,-188.0,-60.0,31.0
671.0,-125.0,20.0,18.0,-60.0,31.0
389.0,415.0,673.0,-28.0,31.0,-36.0
95.0,430.0,679.0,970.0,132.0,46.0
31.0,689.0,2051.0,280.0,85.0,46.0
693.0,2457.0,298.0,268.0,85.0,46.0
380.0,422.0,676.0,1980.0,218.0,525.0
379.0,390.0,657.0,1793.0,-103.0,515.0
385.0,398.0,658.0,3392.0,-480.0,481.0
391.0,364.0,657.0,1826.0,-507.0,340.0
91.0,332.0,638.0,-893.0,-151.0,-89.0
9.0,372.0,654.0,15.0,-517.0,228.0
59.0,633.0,-871.0,-63.0,49.0,228.0
657.0,178.0,-253.0,148.0,49.0,228.0
389.0,384.0,645.0,-134.0,44.0,129.0
391.0,381.0,655.0,399.0,-134.0,27.0
27.0,0.0,0.0,0.0,0.0,0.0
15.0,668.0,-89.0,99.0,13.0,0.0
392.0,415.0,675.0,249.0,177.0,-93.0
404.0,436.0,691.0,1917.0,257.0,57.0
9.0,423.0,691.0,2519.0,429.0,105.0
432.0,680.0,2469.0,436.0,231.0,105.0
1.0,660.0,885.0,415.0,179.0,105.0
63.0,3261.0,-257.0,294.0,179.0,105.0
390.0,371.0,656.0,-802.0,9.0,97.0
97.0,357.0,652.0,954.0,-552.0,55.0
382.0,658.0,352.0,-732.0,280.0,55.0
5.0,643.0,-171.0,-470.0,56.0,55.0
660.0,-20.0,-578.0,131.0,56.0,55.0
391.0,394.0,648.0,127.0,-402.0,252.0
388.0,382.0,642.0,39.0,-238.0,97.0
2.0,-11.0,-5.0,0.0,0.0,0.0
420.0,678.0,323.0,-26.0,45.0,0.0
684.0,943.0,-176.0,152.0,45.0,0.0
397.0,433.0,680.0,1647.0,-217.0,277.0
393.0,428.0,686.0,2446.0,-364.0,415.0
391.0,412.0,671.0,2180.0,-188.0,353.0
389.0,381.0,665.0,1958.0,-159.0,69.0
85.0,382.0,654.0,3004.0,-273.0,-237.0
87.0,382.0,653.0,-176.0,-210.0,-132.0
84.0,334.0,644.0,-390.0,-317.0,-275.0
95.0,390.0,647.0,-35.0,-300.0,-81.0
382.0,649.0,503.0,-264.0,71.0,-81.0
5.0,647.0,-656.0,-14.0,32.0,-81.0
52.0,75.0,-164.0,145.0,32.0,-81.0
0.0,0.0,0.0,0.0,0.0,0.0
676.0,-227.0,36.0,-45.0,0.0,0.0
396.0,419.0,678.0,324.0,60.0,-78.0
97.0,426.0,688.0,784.0,5.0,60.0
692.0,2095.0,-90.0,140.0,5.0,60.0
89.0,2209.0,-121.0,284.0,5.0,60.0
388.0,428.0,682.0,2541.0,-275.0,723.0
380.0,365.0,660.0,2492.0,-276.0,418.0
390.0,399.0,657.0,1988.0,-320.0,661.0
385.0,324.0,640.0,2667.0,-578.0,-4.0
96.0,383.0,654.0,-2124.0,-384.0,-167.0
392.0,367.0,652.0,845.0,-801.0,-17.0
1.0,379.0,652.0,-86.0,-633.0,-30.0
385.0,647.0,419.0,-467.0,157.0,-30.0
0.0,639.0,-324.0,-91.0,-24.0,-30.0
-5.0,101.0,56.0,0.0,0.0,0.0
391.0,420.0,680.0,241.0,26.0,55.0
92.0,432.0,680.0,598.0,-95.0,134.0
438.0,686.0,1543.0,-220.0,288.0,134.0
32.0,695.0,2387.0,-389.0,408.0,134.0
9.0,677.0,2477.0,-239.0,439.0,134.0
670.0,3183.0,-572.0,192.0,439.0,134.0
643.0,1983.0,-217.0,61.0,439.0,134.0
387.0,374.0,660.0,2619.0,-767.0,339.0
383.0,345.0,639.0,-1345.0,-313.0,29.0
391.0,382.0,639.0,427.0,-484.0,258.0
390.0,374.0,651.0,-236.0,-470.0,312.0
86.0,365.0,643.0,152.0,-272.0,81.0
395.0,418.0,679.0,57.0,61.0,56.0
1.0,676.0,138.0,159.0,38.0,56.0
396.0,432.0,689.0,721.0,23.0,132.0
405.0,426.0,690.0,1737.0,-279.0,192.0
94.0,428.0,682.0,2694.0,-295.0,232.0
7.0,417.0,686.0,2821.0,-441.0,282.0
398.0,664.0,2010.0,-325.0,127.0,282.0
380.0,662.0,2693.0,-757.0,98.0,282.0
4.0,643.0,938.0,-828.0,451.0,282.0
637.0,-1123.0,-485.0,86.0,451.0,282.0
44.0,1051.0,-861.0,30.0,451.0,282.0
387.0,380.0,641.0,-481.0,-434.0,13.0
383.0,379.0,646.0,278.0,-275.0,-11.0
85.0,391.0,644.0,-193.0,-11.0,49.0
378.0,644.0,228.0,111.0,-91.0,49.0
378.0,644.0,228.0,111.0,-91.0,49.0
684.0,-38.0,-178.0,-59.0,-91.0,49.0
73.0,7.0,-57.0,10.0,-91.0,49.0
0.0,415.0,690.0,815.0,-337.0,47.0
438.0,687.0,1821.0,-444.0,313.0,47.0
23.0,693.0,2106.0,-815.0,443.0,47.0
5.0,668.0,1719.0,-809.0,696.0,47.0
665.0,2658.0,-1057.0,434.0,696.0,47.0
655.0,2357.0,-656.0,140.0,696.0,47.0
650.0,2645.0,-633.0,-301.0,696.0,47.0
635.0,351.0,-270.0,-503.0,696.0,47.0
43.0,31.0,-142.0,-69.0,696.0,47.0
380.0,374.0,642.0,45.0,-23.0,191.0
5.0,387.0,649.0,-130.0,-67.0,486.0
368.0,645.0,41.0,-48.0,210.0,486.0
649.0,-23.0,-126.0,96.0,210.0,486.0
388.0,368.0,648.0,168.0,-104.0,-201.0
388.0,368.0,648.0,168.0,-104.0,-201.0
418.0,679.0,-117.0,125.0,30.0,-201.0
684.0,368.0,55.0,-53.0,30.0,-201.0
404.0,433.0,689.0,1451.0,-80.0,66.0
405.0,428.0,692.0,2235.0,-225.0,194.0
94.0,412.0,680.0,3226.0,-438.0,327.0
8.0,407.0,665.0,3410.0,-422.0,404.0
371.0,671.0,3204.0,-542.0,146.0,404.0
370.0,649.0,2228.0,-539.0,-15.0,404.0
59.0,641.0,-634.0,-469.0,105.0,404.0
2.0,643.0,622.0,-683.0,102.0,404.0
647.0,489.0,-572.0,176.0,102.0,404.0
382.0,368.0,643.0,132.0,-300.0,173.0
380.0,359.0,640.0,134.0,-132.0,25.0
84.0,377.0,644.0,-135.0,-10.0,6.0
-47.0,108.0,38.0,0.0,0.0,0.0
676.0,139.0,44.0,20.0,0.0,0.0
397.0,427.0,679.0,649.0,-34.0,154.0
1.0,428.0,684.0,1469.0,-85.0,204.0
421.0,687.0,2192.0,-217.0,217.0,204.0
428.0,671.0,1904.0,-144.0,218.0,204.0
91.0,668.0,1748.0,-176.0,-35.0,204.0
1.0,663.0,3891.0,-569.0,-71.0,204.0
662.0,1525.0,-587.0,108.0,-71.0,204.0
632.0,209.0,-303.0,-353.0,-71.0,204.0
49.0,-125.0,-518.0,105.0,-71.0,204.0
386.0,368.0,637.0,496.0,-306.0,143.0
389.0,391.0,654.0,26.0,-257.0,273.0
84.0,376.0,640.0,-209.0,-34.0,153.0
382.0,647.0,0.0,46.0,4.0,153.0
-60.0,51.0,33.0,0.0,0.0,0.0
415.0,678.0,40.0,52.0,5.0,0.0
400.0,428.0,686.0,622.0,-84.0,69.0
403.0,430.0,691.0,1763.0,-271.0,174.0
0.0,421.0,688.0,2443.0,-509.0,271.0
8.0,416.0,670.0,1997.0,-334.0,212.0
394.0,673.0,2774.0,-570.0,-102.0,212.0
401.0,652.0,1609.0,-277.0,-235.0,212.0
356.0,656.0,1749.0,-556.0,-342.0,212.0
380.0,647.0,-224.0,-373.0,42.0,212.0
71.0,640.0,246.0,-230.0,195.0,212.0
648.0,25.0,-210.0,330.0,195.0,212.0
384.0,387.0,644.0,133.0,-68.0,294.0
385.0,376.0,646.0,280.0,-105.0,-7.0
385.0,376.0,646.0,280.0,-105.0,-7.0
5.0,420.0,679.0,34.0,143.0,42.0
686.0,733.0,5.0,99.0,143.0,42.0
401.0,428.0,681.0,1149.0,-26.0,93.0
1.0,432.0,696.0,2498.0,-260.0,208.0
412.0,680.0,2265.0,-187.0,341.0,208.0
403.0,675.0,2748.0,-209.0,269.0,208.0
95.0,670.0,3416.0,-460.0,247.0,208.0
5.0,636.0,2204.0,-184.0,-389.0,208.0
6.0,662.0,1334.0,-520.0,-21.0,208.0
641.0,-243.0,-396.0,-175.0,-21.0,208.0
648.0,51.0,-459.0,-69.0,-21.0,208.0
385.0,384.0,644.0,-504.0,-340.0,193.0
387.0,374.0,648.0,-29.0,-236.0,47.0
389.0,388.0,648.0,38.0,-244.0,121.0
2.0,149.0,0.0,0.0,0.0,0.0
93.0,415.0,682.0,208.0,77.0,72.0
3.0,681.0,557.0,-14.0,120.0,72.0
86.0,1576.0,-97.0,123.0,120.0,72.0
399.0,424.0,689.0,2513.0,-236.0,101.0
399.0,409.0,675.0,2885.0,-322.0,107.0
389.0,411.0,665.0,2215.0,-278.0,26.0
90.0,396.0,667.0,2580.0,-663.0,54.0
380.0,645.0,2002.0,-593.0,-156.0,54.0
383.0,659.0,1178.0,-698.0,58.0,54.0
65.0,643.0,-512.0,-145.0,144.0,54.0
9.0,655.0,347.0,-316.0,167.0,54.0
642.0,-584.0,78.0,179.0,167.0,54.0
385.0,370.0,646.0,88.0,-80.0,42.0
9.0,675.0,65.0,16.0,-50.0,42.0
393.0,419.0,676.0,120.0,48.0,-25.0
99.0,424.0,682.0,1197.0,-94.0,39.0
436.0,687.0,1769.0,-172.0,166.0,39.0
23.0,676.0,2454.0,-197.0,244.0,39.0
8.0,674.0,1839.0,-190.0,359.0,39.0
660.0,665.0,34.0,78.0,359.0,39.0
384.0,389.0,670.0,2877.0,-326.0,124.0
376.0,356.0,643.0,2504.0,-239.0,-299.0
382.0,362.0,654.0,406.0,-493.0,-184.0
386.0,377.0,636.0,-814.0,-212.0,113.0
88.0,375.0,646.0,457.0,-444.0,264.0
376.0,643.0,-258.0,-133.0,210.0,264.0
379.0,649.0,473.0,-124.0,51.0,264.0
0.0,0.0,0.0,0.0,0.0,0.0
393.0,417.0,679.0,-35.0,99.0,-80.0
394.0,416.0,684.0,259.0,132.0,-97.0
425.0,689.0,755.0,113.0,-43.0,-97.0
5.0,689.0,2159.0,-8.0,58.0,-97.0
400.0,432.0,693.0,2684.0,-80.0,154.0
387.0,419.0,678.0,3908.0,-306.0,455.0
382.0,381.0,659.0,2823.0,-150.0,267.0
383.0,387.0,663.0,3465.0,-368.0,211.0
84.0,383.0,648.0,57.0,-84.0,162.0
45.0,644.0,750.0,-322.0,-30.0,162.0
651.0,-83.0,-483.0,115.0,-30.0,162.0
46.0,603.0,-581.0,73.0,-30.0,162.0
387.0,372.0,648.0,-130.0,-370.0,67.0
-47.0,-8.0,-54.0,0.0,0.0,0.0
674.0,-61.0,110.0,-71.0,0.0,0.0
395.0,420.0,682.0,416.0,122.0,-37.0
398.0,437.0,686.0,1324.0,71.0,190.0
9.0,424.0,687.0,1826.0,-23.0,259.0
432.0,680.0,2042.0,-93.0,368.0,259.0
3.0,669.0,2931.0,-140.0,40.0,259.0
669.0,3442.0,-264.0,83.0,40.0,259.0
377.0,359.0,651.0,2400.0,-147.0,-262.0
382.0,361.0,657.0,1068.0,-523.0,-9.0
386.0,374.0,649.0,-177.0,-319.0,194.0
384.0,362.0,650.0,-245.0,-452.0,200.0
390.0,386.0,649.0,265.0,-434.0,283.0
5.0,371.0,642.0,-47.0,-185.0,17.0
84.0,650.0,486.0,-223.0,-77.0,17.0
0.0,0.0,0.0,-223.0,-77.0,17.0
419.0,678.0,-50.0,-51.0,115.0,17.0
4.0,680.0,40.0,-53.0,91.0,17.0
407.0,423.0,691.0,742.0,-227.0,113.0
408.0,432.0,683.0,1134.0,-277.0,292.0
406.0,430.0,684.0,1443.0,-409.0,484.0
97.0,415.0,675.0,1808.0,-336.0,423.0
6.0,424.0,681.0,3394.0,-528.0,482.0
364.0,649.0,3117.0,-169.0,-132.0,482.0
374.0,668.0,2351.0,-474.0,-407.0,482.0
363.0,644.0,669.0,-342.0,-377.0,482.0
343.0,649.0,571.0,-620.0,-435.0,482.0
91.0,643.0,-250.0,-446.0,47.0,482.0
645.0,-43.0,-395.0,115.0,47.0,482.0
48.0,-188.0,-255.0,212.0,47.0,482.0
388.0,374.0,645.0,157.0,-189.0,18.0
388.0,374.0,645.0,157.0,-189.0,18.0
77.0,-42.0,45.0,41.0,-189.0,18.0
399.0,422.0,680.0,177.0,55.0,58.0
25.0,688.0,837.0,-39.0,50.0,58.0
87.0,1802.0,-134.0,276.0,50.0,58.0
396.0,414.0,686.0,2357.0,-299.0,348.0
391.0,423.0,673.0,2230.0,-213.0,428.0
384.0,392.0,673.0,2338.0,-315.0,271.0
380.0,363.0,654.0,2924.0,-442.0,44.0
87.0,376.0,649.0,718.0,-437.0,22.0
364.0,643.0,930.0,-548.0,50.0,22.0
645.0,1253.0,-687.0,-4.0,50.0,22.0
47.0,283.0,-514.0,57.0,50.0,22.0
381.0,363.0,644.0,81.0,-358.0,9.0
384.0,646.0,44.0,-192.0,114.0,9.0
1.0,643.0,312.0,-98.0,-19.0,9.0
-30.0,60.0,-48.0,0.0,0.0,0.0
393.0,417.0,673.0,40.0,195.0,-48.0
403.0,428.0,682.0,802.0,212.0,107.0
419.0,681.0,1833.0,162.0,88.0,107.0
9.0,685.0,2671.0,25.0,325.0,107.0
78.0,2788.0,-15.0,232.0,325.0,107.0
376.0,408.0,670.0,2368.0,-75.0,112.0
368.0,377.0,659.0,2652.0,-241.0,164.0
376.0,340.0,659.0,528.0,-303.0,-200.0
88.0,379.0,648.0,-3.0,-482.0,127.0
355.0,640.0,-301.0,-581.0,75.0,127.0
5.0,646.0,309.0,-749.0,240.0,127.0
637.0,-246.0,-401.0,159.0,240.0,127.0
637.0,-246.0,-401.0,159.0,240.0,127.0
78.0,135.0,149.0,2.0,240.0,127.0
396.0,422.0,679.0,198.0,99.0,71.0
20.0,683.0,558.0,32.0,75.0,71.0
408.0,435.0,688.0,1440.0,-89.0,286.0
404.0,418.0,686.0,1776.0,-56.0,277.0
394.0,423.0,679.0,2727.0,-208.0,359.0
85.0,394.0,661.0,2722.0,-159.0,-116.0
79.0,389.0,662.0,2496.0,-392.0,-173.0
79.0,359.0,654.0,1437.0,-615.0,-82.0
2.0,352.0,641.0,-288.0,-396.0,-119.0
4.0,379.0,647.0,421.0,-605.0,233.0
375.0,645.0,-101.0,-377.0,102.0,233.0
90.0,646.0,145.0,-330.0,235.0,233.0
-65.0,101.0,-10.0,0.0,0.0,0.0
675.0,70.0,96.0,6.0,0.0,0.0
96.0,418.0,676.0,239.0,80.0,42.0
7.0,682.0,894.0,-43.0,69.0,42.0
412.0,443.0,686.0,1514.0,-161.0,259.0
403.0,425.0,678.0,2165.0,-107.0,146.0
382.0,412.0,678.0,2836.0,-250.0,100.0
372.0,377.0,659.0,2810.0,-197.0,17.0
72.0,358.0,657.0,1742.0,-124.0,-260.0
85.0,364.0,663.0,1042.0,-490.0,-111.0
91.0,376.0,641.0,-530.0,-237.0,-124.0
89.0,376.0,643.0,470.0,-535.0,-35.0
391.0,646.0,-36.0,-454.0,72.0,-35.0
1.0,637.0,340.0,-299.0,24.0,-35.0
0.0,0.0,340.0,-299.0,24.0,-35.0
415.0,678.0,-68.0,-6.0,81.0,-35.0
70.0,-73.0,192.0,31.0,81.0,-35.0
403.0,422.0,682.0,401.0,194.0,45.0
437.0,687.0,1093.0,177.0,232.0,45.0
19.0,684.0,1451.0,147.0,291.0,45.0
681.0,2396.0,9.0,440.0,291.0,45.0
386.0,398.0,671.0,3530.0,-72.0,223.0
386.0,390.0,672.0,3357.0,-470.0,65.0
87.0,352.0,648.0,725.0,-597.0,30.0
359.0,646.0,304.0,-680.0,-29.0,30.0
2.0,652.0,325.0,-895.0,345.0,30.0
639.0,-234.0,-480.0,62.0,345.0,30.0
390.0,383.0,654.0,239.0,-478.0,242.0
0.0,0.0,654.0,239.0,-478.0,242.0
421.0,675.0,-74.0,55.0,57.0,242.0
73.0,51.0,169.0,-27.0,57.0,242.0
402.0,430.0,691.0,860.0,57.0,49.0
434.0,687.0,1298.0,38.0,120.0,49.0
687.0,2073.0,-219.0,408.0,120.0,49.0
672.0,2232.0,-282.0,238.0,120.0,49.0
71.0,3341.0,-411.0,437.0,120.0,49.0
384.0,367.0,655.0,3351.0,-518.0,31.0
384.0,358.0,655.0,-105.0,-492.0,251.0
383.0,341.0,648.0,299.0,-637.0,286.0
87.0,372.0,647.0,-328.0,-539.0,361.0
7.0,372.0,647.0,258.0,-528.0,403.0
364.0,643.0,152.0,-326.0,61.0,403.0
647.0,-62.0,-175.0,-13.0,61.0,403.0
0.0,0.0,0.0,0.0,0.0,0.0
684.0,70.0,69.0,62.0,0.0,0.0
403.0,428.0,681.0,376.0,91.0,167.0
431.0,692.0,1329.0,-43.0,260.0,167.0
7.0,688.0,2340.0,-191.0,441.0,167.0
681.0,2485.0,-271.0,351.0,441.0,167.0
666.0,2476.0,-64.0,164.0,441.0,167.0
379.0,381.0,675.0,4181.0,-479.0,-172.0
380.0,375.0,646.0,887.0,-269.0,-74.0
383.0,324.0,643.0,510.0,-479.0,-325.0
395.0,393.0,652.0,181.0,-641.0,178.0
91.0,358.0,646.0,439.0,-562.0,268.0
377.0,643.0,-184.0,-247.0,95.0,268.0
83.0,648.0,418.0,-310.0,166.0,268.0
644.0,-316.0,32.0,-93.0,166.0,268.0
390.0,387.0,651.0,-5.0,28.0,-46.0
12.0,675.0,-12.0,73.0,-74.0,-46.0
79.0,179.0,124.0,-49.0,-74.0,-46.0
402.0,429.0,687.0,736.0,87.0,56.0
434.0,679.0,1017.0,83.0,226.0,56.0
1.0,683.0,2206.0,-98.0,361.0,56.0
678.0,2580.0,-41.0,319.0,361.0,56.0
380.0,399.0,669.0,4139.0,-257.0,82.0
382.0,391.0,662.0,1785.0,-94.0,-40.0
385.0,350.0,666.0,1179.0,-645.0,-100.0
389.0,358.0,644.0,289.0,-519.0,-177.0
92.0,378.0,649.0,224.0,-626.0,25.0
384.0,644.0,-272.0,-438.0,243.0,25.0
74.0,644.0,165.0,-152.0,88.0,25.0
646.0,-274.0,-7.0,145.0,88.0,25.0
0.0,0.0,0.0,145.0,88.0,25.0
406.0,681.0,-127.0,-33.0,15.0,25.0
7.0,679.0,48.0,20.0,124.0,25.0
408.0,425.0,692.0,634.0,-94.0,208.0
406.0,434.0,685.0,1342.0,-185.0,479.0
99.0,420.0,685.0,1927.0,-300.0,602.0
7.0,401.0,674.0,2292.0,-239.0,341.0
408.0,671.0,3090.0,-432.0,245.0,341.0
359.0,646.0,1632.0,-121.0,-478.0,341.0
367.0,659.0,2492.0,-813.0,-490.0,341.0
371.0,649.0,-705.0,-548.0,-270.0,341.0
364.0,640.0,820.0,-481.0,-236.0,341.0
96.0,651.0,-285.0,-333.0,121.0,341.0
9.0,640.0,315.0,-98.0,38.0,341.0
419.0,675.0,148.0,32.0,96.0,341.0
684.0,672.0,-150.0,19.0,96.0,341.0
403.0,441.0,675.0,1472.0,-139.0,222.0
402.0,429.0,681.0,1926.0,-140.0,252.0
403.0,434.0,679.0,2277.0,-169.0,380.0
387.0,394.0,668.0,2370.0,-29.0,119.0
4.0,396.0,673.0,3292.0,-346.0,53.0
367.0,652.0,336.0,34.0,-239.0,53.0
663.0,1150.0,-544.0,-156.0,-239.0,53.0
639.0,-1048.0,-65.0,-347.0,-239.0,53.0
660.0,583.0,-636.0,-89.0,-239.0,53.0
46.0,-151.0,-378.0,-69.0,-239.0,53.0
385.0,392.0,652.0,244.0,-405.0,134.0
385.0,386.0,646.0,-48.0,-128.0,21.0
0.0,0.0,0.0,0.0,-128.0,21.0
398.0,420.0,672.0,-81.0,102.0,94.0
419.0,671.0,28.0,143.0,106.0,94.0
680.0,716.0,96.0,215.0,106.0,94.0
402.0,427.0,681.0,1020.0,176.0,355.0
393.0,423.0,681.0,1687.0,128.0,381.0
9.0,397.0,670.0,2907.0,-166.0,134.0
404.0,656.0,3198.0,-373.0,-25.0,134.0
364.0,662.0,2406.0,-772.0,-21.0,134.0
38.0,638.0,-657.0,-629.0,-325.0,134.0
84.0,643.0,0.0,-680.0,-94.0,134.0
47.0,796.0,-809.0,-18.0,-94.0,134.0
387.0,385.0,644.0,-491.0,-493.0,-24.0
382.0,386.0,644.0,506.0,-435.0,105.0
382.0,388.0,645.0,-142.0,-135.0,-33.0
95.0,414.0,673.0,-155.0,81.0,134.0
425.0,665.0,-275.0,268.0,183.0,134.0
7.0,679.0,487.0,91.0,175.0,134.0
409.0,435.0,679.0,1167.0,162.0,288.0
401.0,414.0,683.0,1590.0,180.0,255.0
387.0,408.0,675.0,2457.0,149.0,109.0
6.0,403.0,668.0,2971.0,-200.0,175.0
344.0,642.0,2070.0,-326.0,-400.0,175.0
380.0,647.0,98.0,-463.0,-287.0,175.0
59.0,651.0,855.0,-748.0,-175.0,175.0
7.0,644.0,-146.0,-516.0,-198.0,175.0
1.0,647.0,213.0,-409.0,125.0,175.0
-75.0,-52.0,-19.0,0.0,0.0,0.0
2.0,404.0,669.0,81.0,37.0,-130.0
2.0,678.0,409.0,46.0,-47.0,-130.0
399.0,435.0,683.0,802.0,93.0,103.0
395.0,424.0,679.0,1383.0,2.0,223.0
419.0,681.0,1352.0,-44.0,218.0,223.0
8.0,666.0,2700.0,-160.0,131.0,223.0
666.0,3175.0,-367.0,-285.0,131.0,223.0
655.0,2417.0,-502.0,-365.0,131.0,223.0
644.0,-168.0,-252.0,-382.0,131.0,223.0
656.0,351.0,-520.0,-99.0,131.0,223.0
39.0,-559.0,-104.0,79.0,131.0,223.0
386.0,377.0,644.0,86.0,-127.0,167.0
385.0,384.0,647.0,7.0,-94.0,147.0
82.0,643.0,-60.0,-51.0,64.0,147.0
0.0,0.0,0.0,0.0,0.0,0.0
396.0,419.0,675.0,58.0,29.0,-40.0
95.0,411.0,675.0,184.0,80.0,-49.0
19.0,678.0,580.0,39.0,45.0,-49.0
400.0,429.0,675.0,347.0,87.0,236.0
401.0,418.0,681.0,1019.0,-136.0,348.0
95.0,424.0,679.0,1799.0,-331.0,382.0
2.0,408.0,667.0,2509.0,-379.0,239.0
380.0,662.0,3294.0,-619.0,-78.0,239.0
368.0,655.0,342.0,-478.0,-169.0,239.0
40.0,644.0,564.0,-544.0,-378.0,239.0
9.0,648.0,-708.0,-454.0,-113.0,239.0
9.0,637.0,111.0,-284.0,-45.0,239.0
655.0,-89.0,-230.0,96.0,-45.0,239.0
385.0,389.0,644.0,179.0,-5.0,89.0
1.0,676.0,52.0,64.0,-75.0,89.0
394.0,411.0,674.0,-141.0,167.0,-143.0
398.0,412.0,677.0,-19.0,233.0,-101.0
403.0,421.0,689.0,706.0,35.0,54.0
28.0,683.0,814.0,-109.0,211.0,54.0
688.0,1670.0,-487.0,376.0,211.0,54.0
673.0,2832.0,-738.0,344.0,211.0,54.0
63.0,2067.0,-581.0,-36.0,211.0,54.0
383.0,397.0,663.0,1111.0,-451.0,-151.0
386.0,379.0,655.0,1198.0,-582.0,-31.0
386.0,361.0,635.0,-888.0,-92.0,-252.0
392.0,398.0,649.0,200.0,-171.0,48.0
85.0,376.0,648.0,239.0,-78.0,-65.0
399.0,652.0,443.0,-92.0,-4.0,-65.0
0.0,0.0,0.0,0.0,0.0,-65.0
398.0,420.0,676.0,135.0,111.0,-13.0
1.0,415.0,684.0,507.0,113.0,-14.0
25.0,688.0,968.0,-105.0,102.0,-14.0
687.0,1207.0,-243.0,195.0,102.0,-14.0
672.0,1738.0,-349.0,128.0,102.0,-14.0
74.0,2742.0,-474.0,-34.0,102.0,-14.0
387.0,389.0,655.0,3643.0,-385.0,-432.0
381.0,386.0,652.0,1835.0,-400.0,-454.0
377.0,372.0,649.0,324.0,-275.0,-198.0
384.0,380.0,644.0,118.0,-159.0,168.0
386.0,377.0,648.0,-38.0,-309.0,359.0
90.0,387.0,644.0,19.0,-171.0,345.0
379.0,653.0,-30.0,-316.0,82.0,345.0
649.0,-110.0,-223.0,-72.0,82.0,345.0
9.0,423.0,668.0,-290.0,111.0,117.0
410.0,684.0,286.0,-8.0,26.0,117.0
82.0,621.0,55.0,162.0,26.0,117.0
400.0,420.0,686.0,1065.0,-18.0,198.0
97.0,417.0,681.0,1984.0,-146.0,214.0
5.0,414.0,675.0,2213.0,-176.0,108.0
399.0,668.0,3007.0,-297.0,-90.0,108.0
386.0,657.0,284.0,104.0,-613.0,108.0
9.0,655.0,3272.0,-467.0,-335.0,108.0
1.0,638.0,-1364.0,114.0,-356.0,108.0
6.0,650.0,1817.0,-348.0,-4.0,108.0
641.0,-1058.0,-28.0,46.0,-4.0,108.0
389.0,389.0,649.0,274.0,-229.0,97.0
391.0,390.0,654.0,101.0,-277.0,59.0
0.0,389.0,650.0,170.0,-141.0,-132.0
0.0,389.0,650.0,170.0,-141.0,-132.0
8.0,427.0,681.0,173.0,-30.0,80.0
9.0,683.0,661.0,-31.0,108.0,80.0
89.0,2035.0,-179.0,265.0,108.0,80.0
397.0,415.0,680.0,1977.0,-76.0,228.0
393.0,416.0,672.0,2431.0,-68.0,80.0
85.0,387.0,665.0,2279.0,-93.0,-131.0
5.0,374.0,659.0,1449.0,-252.0,-470.0
7.0,373.0,648.0,1169.0,-489.0,-359.0
9.0,381.0,652.0,-150.0,-448.0,-114.0
6.0,376.0,641.0,607.0,-503.0,-14.0
396.0,650.0,118.0,-417.0,133.0,-14.0
1.0,643.0,563.0,-261.0,33.0,-14.0
48.0,-98.0,-146.0,-26.0,33.0,-14.0
386.0,384.0,647.0,-46.0,-3.0,-119.0
0.0,384.0,647.0,-46.0,-3.0,-119.0
674.0,-140.0,97.0,-59.0,-3.0,-119.0
398.0,422.0,678.0,352.0,127.0,-8.0
402.0,423.0,683.0,909.0,57.0,34.0
27.0,688.0,1740.0,-133.0,112.0,34.0
8.0,675.0,2048.0,-274.0,224.0,34.0
672.0,2722.0,-428.0,65.0,224.0,34.0
64.0,4284.0,-649.0,-186.0,224.0,34.0
49.0,1260.0,-567.0,-148.0,224.0,34.0
39.0,317.0,-319.0,-282.0,224.0,34.0
379.0,372.0,647.0,328.0,-421.0,-63.0
382.0,386.0,643.0,-132.0,-14.0,118.0
382.0,369.0,642.0,828.0,39.0,-12.0
390.0,649.0,-121.0,88.0,12.0,-12.0
646.0,445.0,-8.0,-144.0,12.0,-12.0
386.0,391.0,652.0,25.0,-81.0,-49.0
0.0,0.0,0.0,0.0,0.0,-49.0
396.0,409.0,670.0,-176.0,143.0,-20.0
399.0,418.0,679.0,272.0,96.0,-79.0
436.0,684.0,869.0,43.0,48.0,-79.0
90.0,1730.0,4.0,84.0,48.0,-79.0
395.0,423.0,681.0,2101.0,97.0,111.0
402.0,668.0,3210.0,135.0,52.0,111.0
8.0,672.0,3115.0,-64.0,-261.0,111.0
646.0,2656.0,-204.0,-451.0,-261.0,111.0
647.0,-104.0,-194.0,-362.0,-261.0,111.0
654.0,-176.0,-475.0,183.0,-261.0,111.0
641.0,237.0,-343.0,82.0,-261.0,111.0
393.0,391.0,652.0,-483.0,-328.0,259.0
387.0,368.0,641.0,283.0,-223.0,-15.0
392.0,392.0,648.0,-94.0,-162.0,-1.0
-96.0,42.0,85.0,0.0,0.0,0.0
395.0,409.0,671.0,-49.0,24.0,35.0
6.0,420.0,675.0,303.0,-13.0,62.0
8.0,679.0,1092.0,-60.0,28.0,62.0
89.0,2406.0,-242.0,144.0,28.0,62.0
392.0,417.0,674.0,2350.0,-156.0,82.0
380.0,393.0,661.0,1579.0,-25.0,-117.0
387.0,380.0,659.0,3021.0,-202.0,-474.0
388.0,377.0,648.0,2309.0,-292.0,-464.0
379.0,353.0,637.0,-132.0,-1.0,-460.0
87.0,368.0,648.0,-311.0,-91.0,-9.0
377.0,653.0,311.0,-157.0,178.0,-9.0
0.0,649.0,-132.0,-157.0,209.0,-9.0
648.0,361.0,-249.0,164.0,209.0,-9.0
7.0,3.0,132.0,0.0,0.0,0.0
393.0,412.0,671.0,-131.0,9.0,43.0
23.0,675.0,202.0,-12.0,101.0,43.0
679.0,778.0,-61.0,67.0,101.0,43.0
408.0,439.0,681.0,1615.0,-2.0,199.0
94.0,412.0,681.0,1766.0,95.0,40.0
13.0,663.0,2231.0,327.0,-96.0,40.0
672.0,4430.0,-220.0,-308.0,-96.0,40.0
651.0,939.0,77.0,-504.0,-96.0,40.0
380.0,356.0,650.0,1791.0,-279.0,-207.0
386.0,372.0,649.0,-1282.0,-36.0,-16.0
387.0,380.0,652.0,265.0,-359.0,384.0
390.0,371.0,647.0,-228.0,-282.0,144.0
389.0,387.0,652.0,294.0,-375.0,163.0
0.0,378.0,647.0,-59.0,-226.0,-124.0
97.0,186.0,-14.0,0.0,0.0,0.0
3.0,671.0,252.0,279.0,-22.0,0.0
82.0,836.0,218.0,-134.0,-22.0,0.0
408.0,443.0,685.0,2142.0,142.0,32.0
395.0,421.0,680.0,2144.0,81.0,147.0
401.0,666.0,2059.0,68.0,-45.0,147.0
1.0,668.0,2425.0,-133.0,56.0,147.0
651.0,2730.0,-315.0,99.0,56.0,147.0
382.0,364.0,644.0,-7.0,-138.0,0.0
90.0,377.0,652.0,191.0,-305.0,475.0
350.0,646.0,490.0,-253.0,171.0,475.0
91.0,650.0,132.0,-297.0,195.0,475.0
642.0,245.0,-204.0,36.0,195.0,475.0
388.0,378.0,652.0,-31.0,-149.0,-51.0
386.0,380.0,649.0,258.0,-112.0,-5.0
0.0,0.0,0.0,0.0,0.0,0.0
393.0,417.0,671.0,86.0,162.0,-33.0
401.0,436.0,683.0,669.0,169.0,51.0
435.0,685.0,1847.0,214.0,61.0,51.0
689.0,2466.0,124.0,231.0,61.0,51.0
64.0,2994.0,60.0,6.0,61.0,51.0
380.0,408.0,655.0,2041.0,-35.0,85.0
365.0,655.0,1597.0,-307.0,-59.0,85.0
343.0,646.0,906.0,-359.0,-272.0,85.0
53.0,644.0,-295.0,-226.0,-247.0,85.0
75.0,647.0,253.0,-263.0,140.0,85.0
646.0,53.0,-113.0,99.0,140.0,85.0
390.0,378.0,644.0,-67.0,-66.0,170.0
390.0,381.0,649.0,75.0,-25.0,47.0
81.0,650.0,75.0,-91.0,-33.0,47.0
-41.0,77.0,-53.0,0.0,0.0,0.0
20.0,675.0,56.0,38.0,-3.0,0.0
398.0,419.0,669.0,-83.0,193.0,1.0
0.0,430.0,683.0,1045.0,69.0,-12.0
51.0,682.0,2144.0,197.0,99.0,-12.0
684.0,3753.0,79.0,-111.0,99.0,-12.0
377.0,412.0,662.0,2316.0,382.0,-254.0
376.0,387.0,665.0,2118.0,218.0,-116.0
380.0,356.0,656.0,736.0,-46.0,380.0
88.0,338.0,646.0,245.0,-59.0,122.0
368.0,654.0,811.0,-616.0,335.0,122.0
6.0,644.0,65.0,-563.0,-91.0,122.0
54.0,301.0,-642.0,83.0,-91.0,122.0
389.0,375.0,645.0,-103.0,-234.0,-84.0
386.0,383.0,646.0,452.0,-174.0,-2.0
0.0,0.0,0.0,0.0,-174.0,-2.0
96.0,416.0,671.0,53.0,17.0,-45.0
6.0,667.0,285.0,153.0,-81.0,-45.0
79.0,1387.0,139.0,-190.0,-81.0,-45.0
399.0,440.0,683.0,2335.0,238.0,-78.0
387.0,421.0,678.0,2985.0,170.0,30.0
78.0,404.0,655.0,2193.0,368.0,-27.0
405.0,665.0,3180.0,-136.0,165.0,-27.0
352.0,640.0,196.0,45.0,-108.0,-27.0
652.0,1314.0,-457.0,-77.0,-108.0,-27.0
644.0,208.0,-465.0,-70.0,-108.0,-27.0
388.0,376.0,654.0,509.0,-507.0,63.0
384.0,378.0,644.0,-422.0,-193.0,61.0
82.0,379.0,647.0,389.0,-111.0,29.0
-91.0,64.0,7.0,0.0,0.0,0.0
420.0,675.0,138.0,76.0,-38.0,0.0
676.0,613.0,149.0,-107.0,-38.0,0.0
401.0,437.0,679.0,1983.0,196.0,-121.0
388.0,423.0,683.0,2782.0,246.0,-268.0
375.0,426.0,673.0,3453.0,181.0,-64.0
379.0,384.0,655.0,2091.0,349.0,-319.0
90.0,383.0,645.0,1813.0,68.0,-189.0
351.0,647.0,1080.0,-166.0,-240.0,-189.0
353.0,640.0,-171.0,-149.0,-145.0,-189.0
385.0,648.0,-314.0,-228.0,241.0,-189.0
372.0,641.0,25.0,-80.0,181.0,-189.0
649.0,62.0,-109.0,157.0,181.0,-189.0
391.0,389.0,646.0,-55.0,-55.0,91.0
89.0,384.0,649.0,-297.0,-92.0,25.0
1.0,-89.0,0.0,0.0,0.0,0.0
0.0,416.0,671.0,155.0,123.0,-97.0
41.0,682.0,1034.0,57.0,140.0,-97.0
679.0,1489.0,175.0,198.0,140.0,-97.0
392.0,428.0,679.0,2208.0,80.0,291.0
387.0,406.0,664.0,1421.0,162.0,201.0
87.0,380.0,656.0,3116.0,-119.0,-230.0
86.0,408.0,656.0,1782.0,-88.0,-239.0
7.0,357.0,655.0,1820.0,-312.0,-139.0
9.0,348.0,646.0,439.0,-10.0,-254.0
382.0,655.0,227.0,-214.0,329.0,-254.0
5.0,638.0,-10.0,38.0,95.0,-254.0
390.0,382.0,651.0,183.0,-197.0,205.0
387.0,369.0,644.0,-138.0,-76.0,-70.0
0.0,369.0,644.0,-138.0,-76.0,-70.0
670.0,-133.0,84.0,-6.0,-76.0,-70.0
393.0,420.0,673.0,52.0,130.0,-16.0
0.0,432.0,679.0,835.0,119.0,7.0
8.0,679.0,1649.0,230.0,94.0,7.0
84.0,2434.0,205.0,122.0,94.0,7.0
376.0,414.0,665.0,1685.0,491.0,14.0
375.0,408.0,670.0,2184.0,264.0,93.0
364.0,654.0,2750.0,-26.0,-209.0,93.0
363.0,646.0,929.0,-14.0,-420.0,93.0
4.0,650.0,437.0,-384.0,-308.0,93.0
644.0,130.0,-418.0,-66.0,-308.0,93.0
42.0,168.0,-398.0,277.0,-308.0,93.0
390.0,393.0,643.0,-250.0,-202.0,415.0
388.0,384.0,647.0,131.0,-181.0,223.0
388.0,395.0,648.0,-443.0,-80.0,184.0
37.0,0.0,0.0,0.0,0.0,0.0
17.0,671.0,-27.0,35.0,-92.0,0.0
78.0,485.0,90.0,-22.0,-92.0,0.0
400.0,425.0,678.0,1428.0,162.0,3.0
428.0,688.0,2240.0,165.0,-43.0,3.0
33.0,675.0,2981.0,263.0,-1.0,3.0
669.0,3280.0,135.0,-67.0,-1.0,3.0
378.0,390.0,657.0,1142.0,316.0,-127.0
379.0,367.0,647.0,1005.0,33.0,-56.0
392.0,365.0,652.0,131.0,-190.0,-21.0
2.0,377.0,640.0,345.0,-364.0,49.0
92.0,649.0,365.0,-411.0,253.0,49.0
644.0,539.0,-233.0,128.0,253.0,49.0
51.0,87.0,-160.0,117.0,253.0,49.0
385.0,384.0,646.0,-144.0,41.0,-11.0
385.0,384.0,646.0,-144.0,41.0,-11.0
92.0,419.0,674.0,154.0,76.0,-14.0
22.0,681.0,956.0,43.0,-77.0,-14.0
80.0,1668.0,124.0,1.0,-77.0,-14.0
396.0,416.0,680.0,2071.0,192.0,7.0
415.0,670.0,3650.0,-5.0,-10.0,7.0
5.0,652.0,2595.0,72.0,-228.0,7.0
651.0,1529.0,-197.0,-128.0,-228.0,7.0
644.0,775.0,-148.0,-158.0,-228.0,7.0
51.0,739.0,-402.0,242.0,-228.0,7.0
389.0,358.0,639.0,-129.0,-162.0,66.0
390.0,388.0,651.0,-29.0,-286.0,159.0
86.0,372.0,639.0,-25.0,-109.0,-15.0
387.0,648.0,-46.0,-89.0,-30.0,-15.0
-146.0,161.0,-97.0,0.0,0.0,0.0
93.0,418.0,671.0,151.0,108.0,-66.0
426.0,671.0,298.0,163.0,7.0,-66.0
79.0,897.0,221.0,91.0,7.0,-66.0
396.0,432.0,684.0,2034.0,61.0,185.0
8.0,419.0,664.0,1788.0,175.0,214.0
395.0,671.0,2555.0,-10.0,17.0,214.0
657.0,3040.0,-34.0,-12.0,17.0,214.0
56.0,1766.0,36.0,-352.0,17.0,214.0
394.0,390.0,658.0,-404.0,3.0,-37.0
92.0,358.0,639.0,-110.0,-15.0,-18.0
382.0,648.0,-173.0,-175.0,180.0,-18.0
371.0,641.0,0.0,-98.0,94.0,-18.0
393.0,384.0,652.0,187.0,-95.0,52.0
388.0,372.0,652.0,-119.0,3.0,-82.0
0.0,0.0,652.0,-119.0,3.0,-82.0
419.0,670.0,26.0,121.0,105.0,-82.0
683.0,806.0,119.0,68.0,105.0,-82.0
402.0,440.0,681.0,1401.0,206.0,258.0
387.0,416.0,683.0,2700.0,60.0,293.0
420.0,671.0,2393.0,251.0,228.0,293.0
92.0,665.0,2398.0,134.0,16.0,293.0
658.0,1556.0,-199.0,-336.0,16.0,293.0
639.0,307.0,-221.0,-118.0,16.0,293.0
44.0,375.0,-499.0,-221.0,16.0,293.0
395.0,387.0,652.0,332.0,-484.0,122.0
385.0,367.0,639.0,-15.0,-181.0,108.0
390.0,391.0,647.0,46.0,-55.0,157.0
383.0,647.0,281.0,-30.0,41.0,157.0
